Student Name,Grade,Teacher,Week 1,Week 2,Week 3,Laps Run
Aarav Patel,4,Mrs. Anderson,120,85,95,32
Maya Sidhu,3,Mr. Davis,150,110,140,36
Lucas Nguyen,5,Ms. Chang,90,130,80,30
Emma Johnson,2,Mrs. Miller,110,95,75,28
Liam Smith,1,Ms. Taylor,65,70,90,26
Sophia Garcia,4,Mrs. Anderson,80,90,110,34
Ethan Brown,3,Mr. Davis,95,60,85,29
Olivia Martinez,5,Ms. Chang,140,160,120,38
Noah Wilson,K,Mrs. Lee,50,65,80,24
Ava Thomas,2,Mrs. Miller,75,80,70,25
Jackson Lee,1,Ms. Taylor,85,60,95,30
Chloe White,4,Mrs. Anderson,105,90,85,31
Benjamin Harris,3,Mr. Davis,70,85,90,27
Mia Clark,5,Ms. Chang,60,75,80,26
James Lewis,K,Mrs. Lee,90,105,115,33
Harper Robinson,2,Mrs. Miller,65,70,80,25
Alexander Walker,1,Ms. Taylor,80,95,65,28
Evelyn Hall,4,Mrs. Anderson,95,115,100,32
Daniel Young,3,Mr. Davis,130,140,110,35
Charlotte King,5,Ms. Chang,115,125,130,37
Henry Wright,K,Mrs. Lee,70,60,75,22
Amelia Lopez,2,Mrs. Miller,85,90,105,29
Sebastian Hill,1,Ms. Taylor,60,75,80,27
Harper Scott,4,Mrs. Anderson,75,85,95,31
Jack Green,3,Mr. Davis,110,90,105,33
Ella Adams,5,Ms. Chang,95,110,120,34
Owen Baker,K,Mrs. Lee,80,85,90,26
Scarlett Gonzalez,2,Mrs. Miller,90,95,100,30
Leo Nelson,1,Ms. Taylor,70,80,85,28
Zoe Carter,4,Mrs. Anderson,125,135,140,36
